outcome,label,att,se,t,p,ci_low,ci_high,n,G,att_k3,att_k2,att_k1
target_engaged,Climate target engagement,0.1669830819562646,0.06505690550706311,2.5667234039918414,0.010266446847152182,0.039471547162420906,0.2944946167501083,28236,27,0.049052,0.182359,0.064428
firm_growth_ord_d,Firm growth (binary),-0.0402839477875481,0.06107287020784418,-0.6596046272338784,0.5095075840620551,-0.15998677339492268,0.0794188778198265,28236,27,-0.089882,-0.021051,-0.070649
